성별,지지정당
남자,A정당
남자,A정당
남자,A정당
남자,B정당
남자,A정당
남자,B정당
남자,A정당
남자,A정당
남자,C정당
남자,A정당
남자,B정당
남자,B정당
남자,A정당
남자,B정당
남자,A정당
여자,B정당
여자,C정당
여자,A정당
여자,C정당
여자,A정당
여자,B정당
여자,B정당
여자,C정당
여자,B정당
여자,C정당
여자,B정당
여자,B정당
여자,C정당
여자,B정당
여자,B정당
