ID,date,region,gender,age,income,savings,expenditure,loan_amount,loan_term,loan_type,job,education_level,credit_score,late_payment_count
P1000,2017-03-04,인천,남자,24,4768.61,3628.06,3296.33,8612.43,322,주택담보대출,무직,대졸,571.0,6
P1001,2011-04-02,대전,여자,53,7143.38,1546.44,5880.21,829.92,176,자동차대출,회사원,고졸,482.0,5
P1002,2010-04-13,인천,남자,61,6904.04,1061.34,6246.98,5926.59,270,신용대출,무직,석사,751.0,6
P1003,2018-04-26,광주,남자,42,4867.66,1227.09,4849.46,5409.77,208,주택담보대출,의사,석사,371.0,5
P1004,2013-01-31,세종,여자,36,,2891.97,5062.82,5929.11,226,신용대출,교사,고졸,803.0,0
P1005,2012-09-30,광주,여자,34,2552.79,1304.08,1410.47,9836.17,323,주택담보대출,학생,고졸,505.0,4
P1006,2012-07-03,서울,여자,64,7575.8,2798.15,4379.75,1900.75,139,주택담보대출,자영업,고졸,702.0,5
P1007,2011-07-26,부산,여자,60,2965.56,4722.98,4661.92,9517.92,152,주택담보대출,공무원,박사,482.0,5
P1008,2018-04-05,울산,여자,56,7658.64,1754.06,1984.7,4765.88,215,신용대출,회사원,대졸,803.0,4
P1009,2011-02-24,광주,여자,27,4872.84,3840.47,3107.13,9516.08,187,주택담보대출,의사,대졸,411.0,7
P1010,2017-08-03,서울,남자,39,3346.31,2494.24,2278.33,2088.07,162,신용대출,무직,석사,447.0,8
P1011,2018-04-22,서울,여자,23,2012.59,3645.43,5489.61,2512.96,243,주택담보대출,학생,대졸,741.0,1
P1012,2016-02-12,대전,남자,55,2775.96,3724.01,6519.36,2330.9,80,학자금대출,학생,박사,523.0,3
P1013,2010-12-23,대구,여자,60,7716.29,2358.06,4696.46,905.42,82,주택담보대출,기타,석사,408.0,7
P1014,2016-08-15,광주,남자,27,3283.93,3690.58,,1244.5,223,자동차대출,자영업,고졸,752.0,6
P1015,2014-09-25,대구,남자,40,5562.65,1825.66,2303.47,6989.69,320,신용대출,교사,고졸,565.0,7
P1016,2010-05-11,세종,남자,37,5493.78,785.8,6379.56,2418.23,274,학자금대출,회사원,석사,405.0,4
P1017,2010-05-03,울산,여자,59,2107.28,2778.08,1840.08,8314.36,165,신용대출,무직,석사,335.0,2
P1018,2011-01-19,서울,여자,62,5666.42,1001.83,1738.94,1904.84,292,주택담보대출,자영업,석사,374.0,6
P1019,2012-06-14,부산,여자,60,,4457.89,5380.05,6152.95,172,자동차대출,기타,박사,372.0,6
P1020,2012-08-10,부산,여자,43,5274.2,4952.59,3109.21,3537.62,295,자동차대출,회사원,고졸,556.0,2
P1021,2015-09-01,대구,남자,26,2612.8,4790.46,3576.33,7407.48,335,자동차대출,교사,박사,756.0,9
P1022,2016-10-01,서울,여자,56,5559.11,2667.33,5746.46,8169.76,123,주택담보대출,학생,고졸,319.0,9
P1023,2010-04-19,대전,여자,63,7363.01,4211.44,2486.72,1326.76,114,주택담보대출,학생,석사,809.0,1
P1024,2016-04-17,대구,여자,23,3694.53,464.22,4867.72,5785.46,119,자동차대출,교사,박사,452.0,2
P1025,2012-03-25,울산,남자,37,7505.54,4108.18,,5744.51,331,주택담보대출,자영업,대졸,300.0,3
P1026,2018-01-11,대구,여자,53,1767.76,337.72,4605.99,8637.93,160,주택담보대출,회사원,고졸,338.0,4
P1027,2017-04-15,서울,여자,42,7114.58,131.28,5327.08,5437.04,188,학자금대출,자영업,석사,699.0,7
P1028,2017-11-12,광주,여자,59,2027.95,773.71,,9213.04,356,주택담보대출,기타,석사,572.0,8
P1029,2016-02-11,대전,여자,68,7665.55,3190.44,6647.68,617.46,79,학자금대출,무직,박사,455.0,5
P1030,2014-09-15,서울,여자,39,6511.65,433.04,1160.95,7153.92,344,자동차대출,교사,대졸,637.0,1
P1031,2012-06-21,대전,여자,70,3220.26,840.05,6082.42,6081.97,103,신용대출,교사,대졸,700.0,9
P1032,2015-01-14,인천,여자,26,2870.25,1171.73,6254.96,7926.01,269,주택담보대출,기타,고졸,303.0,6
P1033,2016-08-10,인천,남자,60,5218.89,2334.45,2232.67,1568.93,289,자동차대출,무직,고졸,827.0,1
P1034,2013-02-13,부산,남자,62,5517.7,396.21,,1921.6,338,자동차대출,학생,고졸,802.0,0
P1035,2019-01-29,대전,여자,65,1696.86,3224.87,2131.88,5882.64,177,주택담보대출,의사,박사,789.0,6
P1036,2019-10-01,울산,남자,61,7278.48,4676.13,3350.51,6035.43,71,신용대출,교사,석사,746.0,10
P1037,2010-01-27,대구,여자,51,5046.25,4572.48,4877.02,9665.9,192,신용대출,자영업,박사,713.0,4
P1038,2018-07-06,인천,남자,23,5672.4,3330.49,5702.81,1451.94,299,주택담보대출,공무원,석사,371.0,6
P1039,2019-01-14,대구,여자,59,3463.61,177.09,5762.67,1503.53,257,자동차대출,학생,석사,531.0,2
P1040,2011-10-16,대구,여자,60,3091.71,2707.84,2436.05,7905.67,310,주택담보대출,기타,석사,303.0,8
P1041,2017-10-30,울산,여자,45,6747.77,2115.56,3315.31,7964.58,304,신용대출,기타,대졸,693.0,7
P1042,2014-09-28,서울,여자,50,4139.6,181.96,2446.49,8741.02,353,주택담보대출,공무원,박사,793.0,9
P1043,2013-10-25,대구,남자,41,4448.04,3638.74,4828.49,8861.29,225,자동차대출,기타,박사,424.0,2
P1044,2013-02-12,대전,여자,19,5975.99,2725.12,1426.07,8839.99,357,신용대출,무직,박사,848.0,3
P1045,2011-09-29,울산,남자,41,2527.52,1504.77,6332.35,3009.3,285,신용대출,자영업,대졸,,2
P1046,2012-05-31,인천,남자,37,4201.54,2560.86,1072.4,6720.48,158,신용대출,교사,대졸,641.0,6
P1047,2018-07-25,광주,여자,29,4518.87,3519.51,3166.59,5934.22,228,자동차대출,교사,석사,610.0,4
P1048,2013-10-10,대구,남자,31,3711.25,2209.81,2898.84,4993.94,18,주택담보대출,기타,대졸,710.0,8
P1049,2011-02-23,부산,여자,39,2433.85,4704.59,3321.03,2135.9,279,신용대출,공무원,고졸,356.0,7
P1050,2011-01-15,울산,남자,67,,978.41,,4328.25,66,자동차대출,자영업,고졸,392.0,0
P1051,2014-04-06,서울,여자,49,3575.56,4598.44,3525.18,6373.32,24,자동차대출,회사원,고졸,674.0,4
P1052,2011-02-01,세종,남자,30,7922.15,2669.49,4278.14,6967.72,207,학자금대출,자영업,박사,847.0,9
P1053,2014-01-10,인천,남자,32,3744.91,1280.75,2036.62,,86,신용대출,기타,고졸,648.0,4
P1054,2019-07-04,인천,여자,26,4091.66,3136.93,,4260.03,39,자동차대출,공무원,대졸,382.0,7
P1055,2013-11-09,세종,남자,27,6444.32,1336.85,6924.2,8850.1,355,주택담보대출,공무원,박사,770.0,8
P1056,2016-10-08,대전,남자,22,4847.37,1836.76,1437.95,7059.88,40,자동차대출,교사,박사,596.0,7
P1057,2012-12-19,광주,여자,36,2190.2,3995.19,4524.18,968.26,114,자동차대출,기타,고졸,507.0,3
P1058,2019-01-19,인천,여자,68,3071.3,487.19,1082.76,5014.57,148,학자금대출,학생,석사,480.0,0
P1059,2010-06-27,인천,여자,24,2296.39,4800.56,2294.46,3051.55,94,신용대출,의사,석사,340.0,0
P1060,2018-03-08,서울,여자,50,4422.37,2349.09,6535.48,4038.19,158,자동차대출,자영업,대졸,693.0,2
P1061,2015-02-25,인천,남자,67,2415.7,1291.72,6692.08,3709.73,140,주택담보대출,학생,고졸,495.0,4
P1062,2016-01-06,울산,여자,52,1828.93,3516.46,3387.85,8039.69,86,학자금대출,교사,대졸,606.0,4
P1063,2011-05-27,대전,여자,65,7645.0,1569.88,2718.93,3454.02,43,자동차대출,무직,석사,699.0,10
P1064,2014-03-31,광주,여자,51,7117.07,4157.5,5275.77,8507.04,163,주택담보대출,교사,석사,409.0,10
P1065,2010-11-19,부산,여자,20,4217.88,495.02,5602.66,8653.23,116,신용대출,회사원,고졸,667.0,7
P1066,2016-03-11,광주,남자,60,7757.46,4959.21,3541.45,7006.09,289,학자금대출,의사,석사,798.0,1
P1067,2013-04-15,대전,남자,39,7365.02,3284.48,3413.66,9738.72,28,자동차대출,무직,석사,386.0,10
P1068,2019-04-21,울산,남자,67,6787.61,255.25,4843.22,2665.6,195,학자금대출,기타,석사,748.0,10
P1069,2017-01-18,대전,여자,57,7569.38,2085.86,4225.93,3354.56,243,주택담보대출,자영업,고졸,494.0,4
P1070,2016-12-08,서울,남자,26,6187.33,1948.13,1916.08,7565.37,64,신용대출,공무원,고졸,443.0,6
P1071,2019-12-06,부산,남자,56,2733.92,2432.42,1501.58,7853.29,327,신용대출,교사,석사,336.0,2
P1072,2019-08-31,광주,여자,42,2535.73,3220.07,1474.13,3548.25,357,신용대출,의사,석사,497.0,7
P1073,2014-01-21,대구,남자,27,7973.8,3543.94,6525.55,7423.59,299,신용대출,교사,박사,325.0,10
P1074,2016-06-22,광주,남자,28,4534.3,505.16,6845.88,6247.3,126,자동차대출,회사원,고졸,,3
P1075,2012-02-27,서울,여자,29,7213.99,4242.12,1932.26,1348.23,343,주택담보대출,회사원,대졸,800.0,0
P1076,2017-11-25,부산,남자,62,4732.91,3260.05,2960.5,4696.31,299,학자금대출,회사원,대졸,698.0,1
P1077,2010-10-12,울산,여자,67,2085.32,1723.23,4518.62,9177.61,211,자동차대출,학생,석사,364.0,4
P1078,2010-07-07,대전,남자,57,4056.07,4888.91,5579.34,4368.12,133,학자금대출,자영업,석사,615.0,7
P1079,2017-06-01,대전,남자,69,4472.0,4871.81,4899.04,5102.37,273,신용대출,자영업,박사,811.0,1
P1080,2012-07-22,울산,여자,28,3064.74,4484.48,4858.93,5406.76,159,주택담보대출,학생,박사,846.0,9
P1081,2018-09-02,부산,남자,64,5291.74,4603.85,2861.02,4052.15,352,자동차대출,무직,고졸,760.0,5
P1082,2013-03-31,울산,여자,46,1816.28,1225.86,3624.92,1033.96,36,학자금대출,회사원,대졸,316.0,9
P1083,2010-11-23,인천,여자,20,3328.82,4516.24,6720.57,8019.16,207,학자금대출,기타,박사,337.0,7
P1084,2019-08-05,광주,여자,44,5383.87,3492.21,2431.82,1123.36,210,자동차대출,무직,대졸,647.0,9
P1085,2012-08-11,서울,여자,41,6978.52,2877.24,2466.88,7240.91,225,학자금대출,회사원,박사,357.0,6
P1086,2019-09-20,울산,남자,61,5871.38,1428.37,6547.77,4332.16,172,학자금대출,학생,석사,645.0,4
P1087,2011-02-18,서울,남자,64,3357.36,4628.38,1695.92,7914.91,294,자동차대출,의사,박사,343.0,10
P1088,2014-04-06,인천,여자,33,1553.15,3453.7,4673.78,5480.72,39,주택담보대출,기타,박사,715.0,10
P1089,2013-02-12,대전,남자,46,2198.73,1473.83,1330.17,5902.39,18,자동차대출,공무원,고졸,421.0,7
P1090,2015-02-01,울산,남자,57,2370.58,2760.85,4996.48,2150.5,140,자동차대출,학생,석사,516.0,1
P1091,2017-02-16,부산,남자,36,3219.07,,4948.31,8814.22,115,주택담보대출,교사,석사,835.0,5
P1092,2019-05-10,대전,남자,66,3877.55,978.84,2053.88,2406.9,329,학자금대출,무직,고졸,769.0,8
P1093,2014-02-03,대전,여자,65,4121.15,4267.1,1075.99,1047.46,238,자동차대출,회사원,대졸,849.0,9
P1094,2011-10-29,부산,남자,68,1794.08,176.72,,,127,학자금대출,학생,석사,452.0,0
P1095,2014-02-25,광주,여자,46,,1115.07,,980.31,336,학자금대출,무직,석사,538.0,4
P1096,2013-12-26,광주,남자,32,5151.81,806.54,3978.48,3923.56,343,학자금대출,기타,고졸,373.0,2
P1097,2012-05-08,울산,남자,52,3856.4,4121.38,3080.23,2391.54,200,자동차대출,회사원,대졸,337.0,9
P1098,2017-07-08,대전,여자,33,3375.91,4122.42,4103.34,3999.34,313,주택담보대출,기타,석사,444.0,0
P1099,2012-12-29,울산,여자,37,4011.27,4651.49,5935.04,4910.08,291,신용대출,학생,고졸,800.0,2
P1100,2017-11-14,광주,여자,69,4427.3,1566.46,2555.48,4270.95,320,주택담보대출,교사,석사,319.0,5
P1101,2017-08-31,대구,여자,68,,2863.4,3231.22,9269.2,112,자동차대출,의사,박사,782.0,7
P1102,2017-04-08,인천,남자,48,6864.52,2876.81,5498.66,6971.16,111,주택담보대출,교사,대졸,346.0,2
P1103,2010-10-20,울산,여자,30,5551.07,4262.27,6240.76,2798.41,162,신용대출,학생,박사,548.0,5
P1104,2016-10-31,울산,여자,41,5471.78,3417.47,5397.62,5143.47,241,주택담보대출,공무원,대졸,433.0,2
P1105,2017-02-13,대구,남자,61,2336.31,2748.76,1708.34,4737.98,102,자동차대출,학생,고졸,314.0,0
P1106,2011-12-02,광주,남자,54,2128.43,1980.85,6399.38,9624.94,50,학자금대출,회사원,석사,476.0,4
P1107,2015-12-28,울산,여자,46,3925.79,3724.75,,5008.53,107,신용대출,공무원,석사,351.0,5
P1108,2018-03-06,서울,여자,47,7914.12,3973.44,3575.95,5737.67,100,주택담보대출,회사원,고졸,614.0,6
P1109,2012-09-29,광주,여자,67,5125.91,3477.62,4143.13,3770.37,275,자동차대출,무직,석사,399.0,10
P1110,2011-11-01,광주,여자,36,3876.44,484.3,2577.7,8457.71,73,신용대출,회사원,박사,767.0,5
P1111,2015-03-09,인천,여자,67,2437.74,3752.74,6850.3,2957.27,205,신용대출,회사원,고졸,474.0,0
P1112,2014-04-04,울산,여자,42,5416.01,1794.71,4765.2,8393.27,32,주택담보대출,무직,박사,365.0,4
P1113,2013-01-10,대전,여자,50,4109.02,578.66,3976.89,1358.72,231,자동차대출,의사,대졸,408.0,4
P1114,2017-03-06,세종,남자,51,1761.66,1237.51,4064.69,760.78,154,자동차대출,무직,석사,416.0,8
P1115,2017-09-19,세종,여자,44,1752.94,472.49,1332.63,971.68,296,신용대출,무직,박사,,10
P1116,2016-03-31,세종,여자,28,6138.35,3065.33,6156.16,8611.3,147,신용대출,무직,석사,525.0,1
P1117,2012-06-18,인천,남자,70,6725.78,3107.94,2001.29,7908.39,78,학자금대출,자영업,대졸,364.0,8
P1118,2017-09-05,세종,남자,30,4875.66,3018.48,1943.86,2536.03,94,주택담보대출,의사,석사,507.0,3
P1119,2013-08-21,대구,여자,69,2468.11,,5639.97,2602.84,311,학자금대출,회사원,대졸,736.0,10
P1120,2019-06-15,부산,여자,56,7305.36,1699.25,,2638.56,142,신용대출,교사,고졸,645.0,2
P1121,2018-08-14,광주,여자,26,2408.58,,,2463.94,14,신용대출,기타,석사,711.0,1
P1122,2018-09-14,대전,여자,34,7553.9,,1692.0,6690.08,181,자동차대출,의사,고졸,632.0,9
P1123,2010-08-18,부산,남자,21,3570.45,2307.7,5444.68,5376.17,250,자동차대출,회사원,대졸,423.0,2
P1124,2012-07-27,인천,여자,59,4054.2,1217.88,1015.41,8713.98,91,학자금대출,자영업,고졸,440.0,8
P1125,2019-03-21,광주,여자,48,5507.25,2809.88,6152.13,9687.81,32,신용대출,자영업,박사,629.0,5
P1126,2010-05-12,인천,남자,41,6976.91,1939.59,1073.73,6980.9,90,주택담보대출,의사,고졸,518.0,5
P1127,2019-01-11,인천,남자,53,5359.21,1010.12,1275.89,5003.92,177,자동차대출,교사,박사,346.0,10
P1128,2013-07-16,대구,여자,24,4797.55,2970.79,,1756.98,317,자동차대출,자영업,대졸,477.0,4
P1129,2014-07-02,서울,여자,63,4813.14,1962.36,6521.36,2145.41,38,신용대출,기타,대졸,643.0,4
P1130,2013-01-01,서울,남자,51,4684.0,3883.62,2073.77,8108.22,332,주택담보대출,교사,석사,364.0,10
P1131,2010-09-29,인천,여자,25,5159.01,1547.36,6762.05,2625.82,327,학자금대출,교사,박사,423.0,5
P1132,2012-05-14,세종,남자,36,4586.8,1307.6,1212.18,6279.27,350,주택담보대출,교사,석사,580.0,1
P1133,2016-05-12,부산,남자,23,1608.14,460.18,5818.69,9458.55,166,신용대출,교사,석사,444.0,8
P1134,2019-10-30,세종,여자,66,3653.06,1413.06,5284.12,7271.03,263,주택담보대출,의사,대졸,725.0,9
P1135,2018-01-19,울산,남자,28,2212.43,1962.0,4934.22,7239.0,305,주택담보대출,의사,고졸,472.0,5
P1136,2013-07-12,인천,남자,35,4207.51,3941.06,2347.09,3116.1,293,신용대출,교사,대졸,678.0,2
P1137,2012-05-20,울산,남자,46,3499.91,855.96,2489.58,9007.09,195,학자금대출,무직,대졸,468.0,0
P1138,2017-05-08,세종,여자,50,7341.99,2009.15,6495.13,8590.07,49,주택담보대출,무직,고졸,749.0,2
P1139,2015-08-07,울산,여자,27,7168.64,1867.43,2919.61,4860.48,174,신용대출,의사,박사,549.0,8
P1140,2014-06-09,인천,남자,45,5590.19,548.45,5955.98,2572.99,281,주택담보대출,공무원,박사,341.0,4
P1141,2019-12-03,대구,여자,23,5379.91,4720.51,4429.22,3370.38,124,신용대출,교사,고졸,436.0,5
P1142,2017-03-18,서울,남자,32,3225.95,2279.21,1716.41,5446.06,106,학자금대출,기타,고졸,402.0,7
P1143,2015-02-23,부산,남자,70,5761.34,3830.6,5039.95,6424.26,278,자동차대출,기타,석사,685.0,6
P1144,2011-08-09,울산,여자,46,7818.37,600.93,1316.03,6052.63,46,학자금대출,의사,고졸,461.0,5
P1145,2012-12-20,인천,여자,40,5260.08,527.76,2339.11,569.8,270,자동차대출,학생,고졸,316.0,2
P1146,2011-07-26,대구,여자,19,2979.03,2211.8,4094.64,9994.58,93,자동차대출,학생,석사,798.0,1
P1147,2012-10-07,세종,남자,44,1833.81,2829.23,1275.57,9681.61,224,주택담보대출,공무원,박사,382.0,3
P1148,2018-05-10,서울,남자,21,4622.92,2610.96,3405.55,8474.09,290,신용대출,학생,고졸,306.0,2
P1149,2016-04-18,인천,남자,43,4907.51,606.14,6261.95,5833.84,286,신용대출,자영업,고졸,307.0,8
P1150,2016-01-17,부산,여자,50,6187.69,539.13,6196.19,6140.84,218,신용대출,공무원,석사,483.0,3
P1151,2012-12-12,세종,여자,41,6534.94,2815.68,5641.16,3185.43,59,학자금대출,학생,고졸,391.0,3
P1152,2018-05-18,대구,남자,33,3971.24,3024.93,,7001.92,190,학자금대출,공무원,석사,590.0,8
P1153,2016-07-22,세종,여자,42,6840.8,3943.75,1518.31,5076.51,125,학자금대출,무직,대졸,726.0,9
P1154,2014-10-21,대전,여자,23,3074.28,4332.22,3740.48,3694.69,121,학자금대출,무직,석사,787.0,8
P1155,2016-07-18,세종,여자,41,5221.71,160.47,3213.52,3126.59,351,주택담보대출,교사,대졸,429.0,8
P1156,2014-06-24,울산,여자,32,6053.39,2127.67,2749.57,3588.8,181,주택담보대출,학생,대졸,511.0,8
P1157,2014-01-22,세종,남자,19,2740.1,3917.93,5707.04,3130.41,181,자동차대출,공무원,석사,446.0,1
P1158,2012-06-17,대구,여자,38,4366.75,3651.73,5437.46,6733.14,196,자동차대출,자영업,석사,577.0,6
P1159,2011-07-21,세종,남자,24,4222.07,2841.73,2455.5,9545.78,162,신용대출,회사원,석사,835.0,7
P1160,2015-09-19,세종,남자,63,4184.24,4964.38,3209.64,6688.93,123,학자금대출,학생,박사,761.0,1
P1161,2015-07-15,광주,남자,59,2825.3,1289.44,6831.15,2289.42,328,주택담보대출,기타,고졸,721.0,1
P1162,2011-01-08,인천,여자,39,4761.83,2653.41,6986.72,5414.29,283,자동차대출,교사,석사,544.0,2
P1163,2018-06-23,광주,여자,68,5474.61,3458.05,5655.32,2782.87,255,신용대출,자영업,대졸,478.0,0
P1164,2010-07-12,세종,남자,27,4565.44,930.56,5394.78,1039.36,299,신용대출,자영업,대졸,338.0,7
P1165,2019-08-29,인천,여자,26,7014.45,1417.7,4279.36,8644.5,344,학자금대출,공무원,석사,484.0,5
P1166,2011-03-26,광주,남자,20,6228.11,1415.19,,8195.28,16,학자금대출,교사,고졸,811.0,4
P1167,2011-09-19,세종,여자,36,6087.54,815.08,1903.4,4338.94,70,신용대출,무직,고졸,390.0,5
P1168,2017-01-14,부산,남자,48,4871.44,919.32,6594.39,3536.06,354,학자금대출,무직,고졸,608.0,2
P1169,2011-10-18,광주,여자,62,5145.76,1452.21,1143.46,1829.33,189,학자금대출,공무원,대졸,656.0,7
P1170,2018-11-19,인천,여자,26,7987.8,1568.79,4249.27,741.83,240,자동차대출,공무원,석사,728.0,9
P1171,2017-08-19,광주,여자,66,,3935.07,4815.65,5225.04,135,자동차대출,회사원,석사,304.0,8
P1172,2014-09-26,대전,여자,63,3949.36,1869.51,5160.76,3308.24,340,자동차대출,의사,석사,541.0,5
P1173,2016-09-08,대전,여자,48,7718.46,4726.69,1057.57,9115.66,326,주택담보대출,무직,대졸,496.0,2
P1174,2010-09-18,부산,남자,46,4487.81,3632.41,,4343.69,330,학자금대출,회사원,석사,420.0,4
P1175,2014-04-26,대구,남자,57,4965.33,2529.43,5553.57,7498.95,136,자동차대출,교사,대졸,842.0,0
P1176,2014-04-13,대구,여자,18,5050.78,3121.68,3257.65,6038.73,32,자동차대출,기타,대졸,397.0,1
P1177,2016-09-06,인천,남자,23,5893.15,2343.52,5428.5,9950.16,176,신용대출,자영업,고졸,670.0,3
P1178,2015-04-02,울산,여자,19,7139.75,763.9,2845.06,8252.14,207,자동차대출,기타,석사,819.0,2
P1179,2015-12-08,대구,남자,34,5924.85,133.16,2231.17,3760.09,70,신용대출,회사원,석사,524.0,2
P1180,2012-10-26,인천,남자,31,6723.74,2038.89,6898.69,7277.01,209,학자금대출,공무원,박사,775.0,3
P1181,2016-03-16,부산,여자,27,3218.35,4223.91,3518.9,7020.02,143,신용대출,학생,고졸,513.0,4
P1182,2019-08-27,울산,여자,53,4647.17,1961.46,6767.11,6563.98,288,자동차대출,의사,대졸,583.0,2
P1183,2010-02-17,울산,여자,64,7722.69,4324.77,6835.36,5019.48,156,주택담보대출,회사원,고졸,354.0,3
P1184,2017-08-18,대전,남자,56,3313.54,2257.09,1854.24,,24,주택담보대출,학생,박사,498.0,2
P1185,2018-01-31,세종,남자,51,3440.24,2210.02,2678.95,3905.72,276,학자금대출,교사,고졸,415.0,1
P1186,2011-04-15,울산,남자,45,7619.66,4135.32,1263.4,3351.85,203,자동차대출,교사,고졸,452.0,6
P1187,2017-08-24,서울,남자,25,7884.69,3290.08,,,275,학자금대출,의사,박사,785.0,1
P1188,2019-12-04,인천,여자,67,6512.63,3012.53,6073.03,6747.34,272,신용대출,의사,고졸,809.0,1
P1189,2016-01-09,울산,여자,36,6081.86,1572.13,3478.34,5803.36,240,학자금대출,회사원,고졸,480.0,0
P1190,2018-06-03,울산,남자,33,,3055.74,6373.47,3290.95,261,주택담보대출,무직,박사,463.0,7
P1191,2012-12-28,서울,남자,37,4678.52,3506.93,3750.75,4972.42,34,학자금대출,학생,박사,344.0,6
P1192,2018-08-15,울산,남자,25,4618.72,2447.15,,7538.73,163,신용대출,의사,대졸,355.0,0
P1193,2017-03-10,세종,남자,21,5143.17,970.42,4484.62,7389.27,345,자동차대출,학생,박사,672.0,3
P1194,2013-10-25,서울,여자,33,7574.16,2051.37,4032.57,5810.8,110,학자금대출,공무원,석사,591.0,1
P1195,2011-04-02,대전,여자,44,6190.82,1663.77,4823.29,9169.94,176,신용대출,학생,석사,514.0,0
P1196,2013-04-17,광주,여자,58,,3700.88,3366.11,9495.77,275,주택담보대출,교사,석사,745.0,10
P1197,2014-11-16,울산,여자,68,5227.6,3201.22,4551.37,9046.12,54,자동차대출,자영업,대졸,557.0,8
P1198,2011-10-10,울산,남자,57,5030.74,4842.04,1373.7,6717.13,61,학자금대출,교사,고졸,642.0,9
P1199,2015-02-02,인천,여자,47,7322.44,3931.67,4974.66,2611.41,97,학자금대출,무직,박사,,0
P1200,2010-01-14,세종,남자,22,4064.46,1696.84,1784.25,2621.62,287,주택담보대출,자영업,대졸,344.0,7
P1201,2018-02-05,인천,여자,25,3743.38,1473.47,2750.06,8778.61,285,학자금대출,학생,고졸,406.0,1
P1202,2019-10-28,광주,여자,49,6524.92,3950.75,6105.48,4494.49,15,주택담보대출,의사,박사,353.0,4
P1203,2018-01-26,울산,여자,56,2452.09,1888.58,,8925.01,332,주택담보대출,기타,고졸,850.0,0
P1204,2012-12-14,세종,남자,52,1773.43,4667.13,3357.72,4030.98,45,자동차대출,회사원,박사,480.0,1
P1205,2015-08-13,서울,여자,19,7709.54,1079.02,5991.4,6062.92,119,주택담보대출,무직,석사,461.0,4
P1206,2018-07-18,울산,남자,58,2013.69,4986.6,2957.51,,355,주택담보대출,의사,박사,329.0,10
P1207,2012-01-02,대전,여자,50,,981.64,3716.55,1618.92,334,주택담보대출,공무원,박사,796.0,0
P1208,2015-09-11,울산,여자,54,5763.82,3861.33,2401.67,1009.93,121,학자금대출,의사,대졸,827.0,1
P1209,2011-03-12,대구,남자,33,,231.89,6661.33,6526.77,229,주택담보대출,자영업,대졸,418.0,1
P1210,2019-10-06,세종,여자,63,2890.91,3663.35,1816.67,6012.97,65,주택담보대출,자영업,대졸,372.0,9
P1211,2017-01-05,대구,남자,27,6881.69,4720.58,5620.88,6396.22,117,주택담보대출,교사,석사,540.0,3
P1212,2013-05-07,서울,여자,36,3262.36,1127.28,,4986.09,287,주택담보대출,회사원,석사,755.0,9
P1213,2019-06-10,울산,여자,45,5153.12,4008.66,1633.95,2348.17,234,학자금대출,기타,박사,633.0,3
P1214,2017-03-02,서울,남자,18,3265.54,4173.28,3697.4,1638.25,343,주택담보대출,학생,대졸,729.0,2
P1215,2015-09-11,부산,여자,57,2209.97,438.88,2884.2,6966.63,48,신용대출,의사,석사,503.0,10
P1216,2016-10-30,울산,여자,40,6315.79,4254.16,1724.42,5533.47,90,신용대출,공무원,석사,633.0,5
P1217,2012-03-25,대구,남자,33,3055.33,3995.72,3149.72,4424.52,24,신용대출,회사원,박사,535.0,0
P1218,2011-09-19,세종,남자,54,1829.98,3397.59,5622.02,8773.07,247,자동차대출,의사,박사,412.0,1
P1219,2014-03-12,대구,여자,44,7383.7,781.98,3711.5,1932.4,181,신용대출,의사,고졸,633.0,2
P1220,2018-07-21,서울,남자,29,2966.87,1583.88,3780.08,9927.3,31,신용대출,자영업,고졸,533.0,4
P1221,2011-10-24,광주,남자,60,3013.44,1338.14,6114.89,3755.36,56,자동차대출,자영업,박사,400.0,9
P1222,2016-01-19,울산,남자,60,2151.29,855.3,1542.53,9878.32,49,학자금대출,기타,고졸,542.0,5
P1223,2018-09-25,대전,남자,23,3646.91,2173.33,5845.58,8982.03,39,학자금대출,무직,석사,722.0,5
P1224,2015-12-13,인천,여자,51,4570.63,1947.26,2825.29,9873.17,103,자동차대출,기타,박사,504.0,2
P1225,2010-01-03,세종,남자,41,5927.75,2300.43,5228.23,1860.63,140,학자금대출,의사,박사,684.0,8
P1226,2016-09-19,대전,남자,22,2393.54,3029.88,4619.81,8692.74,297,자동차대출,무직,대졸,525.0,9
P1227,2013-08-20,대전,남자,51,7769.37,2953.0,2290.12,2213.39,48,주택담보대출,무직,석사,375.0,3
P1228,2015-06-25,울산,남자,52,7856.42,,6139.44,1267.71,306,학자금대출,무직,석사,782.0,8
P1229,2010-03-21,광주,남자,50,2526.62,4625.13,1889.94,3659.98,128,자동차대출,회사원,대졸,796.0,9
P1230,2011-04-04,울산,남자,68,5743.8,4361.21,5266.94,9873.08,144,주택담보대출,공무원,고졸,355.0,1
P1231,2014-01-26,광주,남자,50,7224.21,2149.67,6810.4,3477.43,220,주택담보대출,의사,박사,746.0,1
P1232,2019-11-09,부산,여자,53,4592.05,280.15,3377.47,1051.13,210,신용대출,교사,고졸,448.0,9
P1233,2019-04-30,세종,남자,19,5728.5,4845.3,1293.7,4794.51,242,자동차대출,회사원,석사,521.0,0
P1234,2019-01-18,서울,남자,42,6413.42,3538.01,2793.04,2489.13,334,자동차대출,회사원,고졸,765.0,8
P1235,2013-06-13,서울,여자,48,,4080.26,5920.54,7848.65,219,신용대출,의사,석사,482.0,3
P1236,2012-09-07,대전,남자,20,3355.2,3009.72,2043.21,5974.65,233,학자금대출,의사,박사,696.0,3
P1237,2010-08-26,인천,남자,58,1884.56,4580.57,6712.58,2005.13,173,자동차대출,교사,박사,682.0,4
P1238,2012-09-13,부산,여자,42,6496.71,635.91,6127.61,7959.5,20,주택담보대출,교사,박사,439.0,2
P1239,2019-11-06,서울,남자,41,5739.94,1316.33,4335.72,7907.65,211,자동차대출,무직,대졸,768.0,8
P1240,2016-05-12,서울,남자,34,3009.43,3357.0,4300.73,1729.36,356,신용대출,교사,대졸,498.0,0
P1241,2010-11-19,인천,남자,65,6301.46,915.06,1568.35,4620.26,72,자동차대출,교사,대졸,667.0,1
P1242,2010-12-17,인천,남자,19,7027.17,3102.12,1611.44,4579.39,285,학자금대출,학생,박사,576.0,3
P1243,2018-03-17,서울,남자,40,1742.44,2859.78,5762.86,4575.74,15,신용대출,공무원,박사,507.0,8
P1244,2015-06-14,대구,여자,68,7489.56,3260.65,1728.72,5035.3,340,신용대출,자영업,고졸,643.0,7
P1245,2019-02-25,인천,남자,22,4216.25,3269.04,1370.02,,328,주택담보대출,교사,석사,430.0,5
P1246,2010-10-11,대구,여자,40,6944.43,4837.37,5685.76,5570.93,44,자동차대출,기타,대졸,332.0,9
P1247,2018-07-13,세종,남자,33,7570.5,1724.82,2333.73,7441.26,311,신용대출,자영업,박사,361.0,2
P1248,2015-12-22,부산,남자,64,1736.21,4001.53,2188.8,9525.65,35,학자금대출,기타,박사,587.0,7
P1249,2018-08-03,인천,여자,60,6935.32,619.13,3403.49,8974.06,49,학자금대출,학생,석사,439.0,10
P1250,2011-05-31,세종,남자,58,6621.74,583.17,,7690.05,195,학자금대출,무직,대졸,413.0,1
P1251,2011-06-10,광주,남자,24,2711.03,1187.81,6625.45,5544.82,269,주택담보대출,무직,대졸,776.0,2
P1252,2017-05-26,대전,여자,67,6368.52,3759.58,1504.24,670.2,66,학자금대출,교사,고졸,769.0,5
P1253,2015-05-01,대구,남자,55,7169.89,2834.17,4516.71,539.18,160,주택담보대출,자영업,박사,728.0,6
P1254,2016-03-01,부산,남자,65,3381.54,3469.56,6504.57,,166,학자금대출,회사원,고졸,475.0,6
P1255,2011-11-08,대구,여자,66,1743.53,1183.06,1449.92,2649.52,322,자동차대출,회사원,박사,651.0,3
P1256,2012-12-21,광주,여자,39,3439.55,1933.19,6982.97,8831.36,56,학자금대출,학생,석사,525.0,8
P1257,2015-12-02,부산,여자,26,5418.09,2369.01,2186.5,3464.88,156,학자금대출,무직,고졸,602.0,3
P1258,2019-10-14,서울,남자,20,7534.96,3429.82,4875.92,1475.73,236,주택담보대출,자영업,박사,460.0,6
P1259,2016-10-20,광주,여자,40,3677.77,3483.14,5855.79,5281.7,207,자동차대출,공무원,대졸,474.0,1
P1260,2014-09-30,울산,남자,52,4453.27,838.65,1551.87,3408.09,214,자동차대출,학생,석사,535.0,5
P1261,2012-05-17,울산,남자,39,5668.53,4988.74,6083.65,1120.23,350,주택담보대출,교사,박사,388.0,1
P1262,2016-01-18,인천,여자,70,4908.07,2465.58,5853.32,934.32,27,자동차대출,회사원,고졸,721.0,7
P1263,2018-06-21,부산,여자,59,7280.19,1547.62,1735.17,9510.4,254,학자금대출,공무원,고졸,834.0,1
P1264,2018-03-09,인천,남자,29,2372.3,4610.68,6653.68,4831.3,92,학자금대출,기타,박사,800.0,8
P1265,2017-09-26,부산,남자,67,4777.38,520.69,1303.83,5442.74,285,자동차대출,기타,석사,521.0,2
P1266,2012-04-03,광주,여자,61,3273.44,4173.46,6544.79,5479.12,124,학자금대출,학생,박사,784.0,7
P1267,2017-12-30,부산,여자,47,6757.29,3677.74,3598.94,4619.82,81,자동차대출,교사,고졸,773.0,5
P1268,2013-06-30,서울,여자,62,3649.45,1806.81,5346.59,7024.41,212,주택담보대출,무직,고졸,585.0,4
P1269,2014-06-23,대전,남자,48,6252.28,1781.03,3976.76,1771.0,291,주택담보대출,무직,대졸,314.0,8
P1270,2017-07-14,울산,여자,58,5713.85,,3296.38,9963.32,163,주택담보대출,무직,대졸,738.0,0
P1271,2017-04-15,대전,여자,29,6170.89,2653.46,3559.98,5156.7,336,신용대출,공무원,고졸,552.0,1
P1272,2014-03-10,부산,남자,69,1591.55,,3123.66,7626.1,85,학자금대출,기타,대졸,553.0,5
P1273,2014-11-30,대전,남자,26,3691.23,578.35,6449.83,2066.39,164,주택담보대출,자영업,대졸,635.0,7
P1274,2015-10-21,서울,여자,22,3417.66,3637.77,2649.89,9115.5,358,자동차대출,학생,박사,744.0,1
P1275,2015-01-24,울산,남자,63,5883.61,2316.99,,8214.08,343,자동차대출,의사,석사,527.0,6
P1276,2011-05-11,세종,남자,67,2755.55,429.15,1891.79,681.68,203,주택담보대출,학생,박사,452.0,4
P1277,2012-10-12,부산,남자,47,5471.2,318.95,4684.64,2631.05,17,주택담보대출,공무원,박사,305.0,7
P1278,2012-07-09,울산,여자,20,5651.72,3582.82,4701.86,9856.36,295,주택담보대출,자영업,대졸,727.0,9
P1279,2010-09-20,대전,여자,36,4135.69,210.67,4883.67,2506.31,296,자동차대출,학생,대졸,345.0,4
P1280,2013-10-16,세종,여자,30,4280.07,1781.08,3993.35,708.18,84,신용대출,공무원,석사,341.0,10
P1281,2010-03-28,대구,여자,20,3631.52,635.88,6296.67,5294.02,75,주택담보대출,무직,석사,781.0,7
P1282,2016-08-06,울산,여자,68,4105.42,4020.25,3874.19,1670.04,33,자동차대출,공무원,석사,816.0,3
P1283,2016-03-18,대구,여자,30,2120.0,4656.62,1526.33,7255.55,14,자동차대출,학생,박사,334.0,8
P1284,2012-07-31,광주,남자,20,7880.95,3728.4,3298.09,8025.21,305,주택담보대출,기타,석사,735.0,6
P1285,2016-08-07,세종,남자,38,4603.45,2628.37,3515.41,4064.33,317,학자금대출,학생,고졸,843.0,4
P1286,2012-06-21,세종,남자,37,7582.87,2804.36,4855.92,6583.05,213,자동차대출,회사원,고졸,703.0,6
P1287,2010-01-30,울산,여자,50,1544.4,1721.85,5783.19,7826.87,287,학자금대출,의사,박사,790.0,3
P1288,2010-10-18,광주,여자,43,3993.23,2189.21,2494.89,6419.78,292,학자금대출,공무원,대졸,400.0,1
P1289,2017-12-09,대전,남자,70,4403.78,2364.07,6964.52,6142.28,55,신용대출,교사,석사,763.0,7
P1290,2017-01-28,인천,여자,52,3235.46,4009.0,4261.94,955.62,168,자동차대출,회사원,고졸,807.0,10
P1291,2010-08-30,부산,여자,48,3642.56,3185.83,1117.18,1527.08,119,신용대출,학생,석사,546.0,5
P1292,2012-07-26,광주,여자,34,5285.99,1013.3,3294.99,8443.14,188,주택담보대출,공무원,고졸,385.0,2
P1293,2010-10-04,세종,여자,20,5223.7,3320.81,5280.22,958.23,120,신용대출,의사,고졸,312.0,0
P1294,2010-05-09,인천,여자,66,3200.1,2038.35,3878.11,1600.0,223,주택담보대출,무직,석사,716.0,10
P1295,2019-08-23,세종,남자,59,3837.09,3713.2,5688.61,4720.99,342,학자금대출,의사,고졸,523.0,7
P1296,2013-09-15,울산,여자,30,3035.97,4427.18,3064.2,1674.15,274,자동차대출,회사원,석사,435.0,10
P1297,2010-10-18,대전,여자,36,5840.61,2302.92,4393.91,2901.01,84,신용대출,교사,고졸,667.0,1
P1298,2015-10-07,서울,여자,40,4525.07,2204.81,2929.63,7167.75,94,자동차대출,기타,대졸,602.0,6
P1299,2012-09-01,세종,여자,67,2538.16,121.81,2622.61,2452.2,106,학자금대출,회사원,박사,544.0,7
P1300,2013-02-14,대전,여자,21,5959.48,1152.5,1156.38,7014.53,125,학자금대출,자영업,박사,392.0,8
P1301,2017-07-03,대구,남자,59,7500.19,1463.89,4582.7,588.39,327,학자금대출,무직,석사,316.0,10
P1302,2015-06-12,세종,여자,39,7270.71,3548.42,1175.82,4498.28,141,학자금대출,기타,박사,,10
P1303,2012-05-27,인천,남자,35,6503.97,4000.44,5864.14,1459.31,111,학자금대출,학생,박사,612.0,1
P1304,2016-01-18,대전,남자,25,5986.89,2929.0,2685.6,5442.94,70,학자금대출,학생,박사,465.0,1
P1305,2011-06-26,광주,남자,69,,4017.56,5851.92,,104,신용대출,무직,박사,770.0,2
P1306,2018-02-10,대전,남자,41,7614.13,2730.76,3830.11,7156.9,355,자동차대출,공무원,대졸,324.0,6
P1307,2019-11-24,광주,여자,45,3889.04,1892.39,3144.6,4478.84,302,신용대출,교사,대졸,765.0,6
P1308,2016-05-27,광주,남자,43,2935.52,1065.66,4503.93,9036.91,39,학자금대출,기타,박사,774.0,9
P1309,2016-06-18,서울,여자,65,7722.84,658.38,2396.57,5360.06,293,주택담보대출,의사,대졸,441.0,1
P1310,2015-04-21,인천,남자,46,4608.18,3386.44,1957.75,,248,주택담보대출,자영업,대졸,715.0,2
P1311,2012-09-22,부산,남자,42,4457.36,,2487.14,3185.71,342,학자금대출,학생,박사,489.0,1
P1312,2018-10-19,인천,여자,39,7927.45,4832.99,2446.92,7955.22,293,학자금대출,교사,석사,679.0,5
P1313,2015-04-22,울산,남자,29,3928.56,1635.68,4202.14,5228.52,49,학자금대출,교사,박사,775.0,3
P1314,2019-01-21,세종,여자,49,6062.61,2004.33,5747.42,6285.52,160,자동차대출,교사,대졸,301.0,5
P1315,2014-07-26,인천,여자,62,7433.18,2023.47,5422.36,7890.61,355,자동차대출,공무원,석사,372.0,3
P1316,2012-02-19,세종,여자,49,6422.78,659.74,5584.3,8399.24,46,신용대출,무직,대졸,694.0,9
P1317,2011-01-22,세종,남자,41,6712.97,1824.73,6686.81,9744.64,140,자동차대출,공무원,대졸,640.0,6
P1318,2011-02-02,세종,여자,69,6866.42,2343.52,4454.15,3900.26,62,학자금대출,학생,고졸,843.0,1
P1319,2017-05-23,서울,여자,51,6452.09,945.38,6895.99,4392.68,113,자동차대출,공무원,고졸,333.0,3
P1320,2014-11-01,부산,여자,35,5922.22,3400.59,3330.54,2023.55,309,주택담보대출,의사,고졸,603.0,6
P1321,2013-12-22,광주,남자,69,5372.79,4023.01,6611.24,5707.32,261,주택담보대출,학생,대졸,736.0,7
P1322,2014-10-01,인천,남자,23,6617.91,4601.54,6949.25,9148.39,181,학자금대출,공무원,박사,576.0,4
P1323,2014-08-11,울산,남자,64,,2991.82,2042.27,7037.94,194,자동차대출,무직,박사,512.0,9
P1324,2015-03-28,인천,여자,45,4933.13,3393.34,2419.31,5066.31,77,자동차대출,자영업,대졸,382.0,9
P1325,2019-09-09,광주,남자,23,3851.6,1634.61,2908.03,2727.8,355,신용대출,교사,고졸,643.0,4
P1326,2018-03-06,대전,남자,45,7462.09,1269.01,5428.63,621.12,347,신용대출,의사,대졸,356.0,10
P1327,2010-08-10,세종,여자,56,2229.36,673.05,3152.7,1345.53,132,주택담보대출,자영업,박사,827.0,6
P1328,2017-07-21,대전,여자,70,6887.03,1929.2,4549.37,1549.09,63,학자금대출,회사원,박사,672.0,5
P1329,2017-04-30,울산,남자,29,7368.77,792.66,5220.72,5954.45,157,주택담보대출,의사,박사,352.0,7
P1330,2017-03-31,대전,여자,52,2814.02,2003.47,3110.09,5193.99,329,학자금대출,무직,대졸,413.0,10
P1331,2011-02-08,대전,남자,36,4988.29,3022.49,4405.91,9519.74,47,학자금대출,의사,박사,692.0,9
P1332,2010-09-06,세종,여자,38,2569.49,2916.55,1852.61,7905.5,111,학자금대출,무직,박사,674.0,6
P1333,2014-07-08,광주,남자,24,7054.16,2172.89,6690.21,1212.96,174,학자금대출,자영업,박사,776.0,7
P1334,2018-03-02,광주,여자,23,4371.96,2484.68,6020.18,7373.97,260,자동차대출,의사,박사,341.0,8
P1335,2013-10-21,광주,남자,38,5921.92,2733.16,5862.41,9095.4,242,학자금대출,공무원,석사,,4
P1336,2018-12-24,인천,남자,60,6159.97,4603.89,6822.33,6621.2,180,자동차대출,교사,대졸,675.0,2
P1337,2019-08-31,부산,여자,36,4677.38,4660.41,4252.75,4839.14,327,학자금대출,기타,대졸,479.0,7
P1338,2011-03-24,인천,여자,37,7342.78,948.85,2053.34,9784.26,349,자동차대출,자영업,박사,368.0,1
P1339,2012-10-15,대전,여자,46,4395.64,917.64,1227.78,3009.19,168,자동차대출,무직,고졸,509.0,1
P1340,2012-02-24,부산,여자,56,1861.63,1515.29,1337.01,975.76,311,주택담보대출,자영업,박사,441.0,4
P1341,2012-02-19,대구,남자,63,2357.64,1016.78,4609.98,8225.19,90,주택담보대출,무직,대졸,642.0,7
P1342,2016-01-06,인천,남자,45,4200.26,4225.73,,8804.33,301,신용대출,자영업,석사,544.0,7
P1343,2015-01-12,인천,남자,28,5165.42,3135.11,3867.93,8596.36,302,주택담보대출,공무원,박사,,3
P1344,2011-07-29,세종,여자,62,5132.18,4341.06,2990.4,3922.04,198,주택담보대출,자영업,석사,789.0,10
P1345,2014-09-25,광주,남자,46,5872.99,4764.03,4684.81,6929.28,173,학자금대출,의사,고졸,514.0,2
P1346,2012-01-22,광주,남자,40,3503.1,2474.58,5838.67,4546.95,231,신용대출,자영업,고졸,530.0,0
P1347,2013-02-14,부산,남자,46,1641.51,1056.13,3044.55,1601.06,98,주택담보대출,자영업,박사,628.0,1
P1348,2015-03-10,인천,남자,20,3153.97,1981.33,2064.76,8586.84,14,주택담보대출,교사,석사,661.0,0
P1349,2012-10-20,광주,남자,64,1519.6,2851.75,5814.55,8957.77,172,자동차대출,회사원,고졸,573.0,1
P1350,2019-10-22,인천,여자,40,2916.36,3300.04,6209.3,591.89,138,신용대출,회사원,박사,815.0,7
P1351,2010-11-05,대전,여자,57,1974.69,2104.76,1357.34,1814.75,125,신용대출,자영업,고졸,733.0,10
P1352,2014-12-21,대구,여자,45,4254.03,2509.46,1886.27,6648.39,340,신용대출,교사,대졸,583.0,0
P1353,2019-01-23,광주,여자,35,6052.5,3579.7,5228.18,3622.28,235,자동차대출,자영업,석사,355.0,2
P1354,2019-08-30,서울,남자,58,5017.56,2274.87,1849.92,8998.01,153,신용대출,학생,박사,364.0,6
P1355,2019-08-08,대구,여자,68,1891.66,919.54,1665.52,9573.35,196,신용대출,교사,고졸,681.0,9
P1356,2016-03-04,광주,여자,21,7312.42,2870.45,4157.77,3048.94,80,자동차대출,의사,고졸,653.0,10
P1357,2011-02-06,서울,여자,22,7909.89,3999.82,3189.34,7464.15,359,신용대출,의사,대졸,763.0,5
P1358,2010-07-27,서울,남자,60,4568.46,1180.59,1435.19,4039.91,181,신용대출,공무원,박사,,2
P1359,2017-04-25,광주,남자,58,3366.09,260.21,5227.23,3755.87,257,학자금대출,기타,고졸,813.0,4
P1360,2016-01-24,대구,남자,43,2669.88,1201.73,4972.84,1581.4,248,주택담보대출,공무원,석사,839.0,9
P1361,2019-05-18,세종,남자,41,2380.29,1514.48,4516.1,4302.38,240,신용대출,자영업,고졸,425.0,9
P1362,2010-03-02,부산,남자,50,5669.91,3925.63,3019.37,4837.12,195,자동차대출,무직,석사,781.0,1
P1363,2011-01-18,서울,남자,69,6240.38,2871.69,2935.62,8439.23,168,학자금대출,회사원,고졸,844.0,1
P1364,2018-06-14,광주,여자,65,7764.59,3885.48,6855.16,7054.07,261,주택담보대출,자영업,박사,845.0,10
P1365,2019-07-09,세종,여자,61,3934.0,2527.04,5394.11,5043.33,294,주택담보대출,자영업,박사,599.0,8
P1366,2012-08-26,세종,여자,28,7293.67,2602.95,3621.21,4506.53,67,학자금대출,학생,박사,762.0,7
P1367,2011-11-13,세종,여자,19,4415.49,2906.3,4835.6,8918.18,101,자동차대출,공무원,석사,676.0,7
P1368,2014-07-23,대전,여자,27,7461.25,1412.66,3923.2,2084.4,342,주택담보대출,무직,박사,367.0,3
P1369,2015-06-13,대구,여자,56,3953.73,2761.22,2903.7,1758.86,322,주택담보대출,무직,석사,,4
P1370,2015-05-26,서울,여자,61,2021.62,4955.38,5243.1,7400.91,53,주택담보대출,무직,석사,768.0,10
P1371,2012-05-25,광주,남자,68,7766.94,2756.01,4371.86,9824.91,155,신용대출,학생,석사,389.0,7
P1372,2019-09-12,세종,남자,46,7184.6,3808.25,6337.6,8521.32,83,신용대출,교사,대졸,382.0,7
P1373,2014-07-01,부산,여자,20,2364.43,3824.02,4682.25,1485.27,287,학자금대출,회사원,고졸,700.0,8
P1374,2010-08-29,부산,여자,26,7091.86,2262.7,3140.95,9156.65,112,학자금대출,기타,석사,483.0,4
P1375,2011-11-06,울산,남자,22,2271.12,1170.86,4993.19,5085.41,146,자동차대출,자영업,석사,595.0,8
P1376,2014-04-02,세종,여자,33,7953.5,2183.26,5886.73,5904.96,332,자동차대출,기타,고졸,378.0,5
P1377,2010-01-09,부산,여자,67,4054.88,3706.34,3270.3,4662.55,51,학자금대출,교사,박사,411.0,8
P1378,2014-05-19,서울,여자,59,2327.76,3302.99,5403.97,6307.57,50,자동차대출,자영업,대졸,468.0,8
P1379,2012-12-22,대구,남자,41,7861.71,1312.9,2767.1,7902.06,21,주택담보대출,의사,고졸,582.0,0
P1380,2018-10-17,대구,남자,41,6926.34,4386.57,2066.25,6307.9,271,주택담보대출,기타,석사,414.0,0
P1381,2018-10-21,광주,여자,42,6415.17,257.93,1010.79,8694.47,335,자동차대출,기타,고졸,451.0,6
P1382,2015-02-07,부산,남자,54,7860.19,1387.79,5212.05,8859.53,27,자동차대출,자영업,석사,808.0,1
P1383,2013-03-14,인천,남자,20,4509.53,4324.78,4437.01,7409.15,309,학자금대출,자영업,박사,454.0,6
P1384,2014-09-29,부산,남자,56,6174.11,526.22,6104.54,8971.75,308,학자금대출,무직,고졸,509.0,7
P1385,2017-10-24,울산,여자,27,4256.83,4339.92,5624.98,5089.26,219,자동차대출,무직,대졸,833.0,5
P1386,2018-03-12,인천,남자,61,3965.3,675.19,4404.9,5137.17,314,주택담보대출,학생,고졸,323.0,6
P1387,2018-10-14,울산,남자,46,2992.82,4078.26,2092.49,8932.14,120,신용대출,의사,석사,600.0,7
P1388,2016-03-26,세종,여자,41,4494.06,1128.4,2909.3,4686.53,30,자동차대출,학생,석사,726.0,7
P1389,2017-06-04,세종,여자,41,2508.29,3714.3,5852.84,1101.69,294,학자금대출,공무원,대졸,435.0,0
P1390,2018-01-21,광주,여자,46,2725.12,3476.75,4668.29,6722.25,145,학자금대출,의사,석사,785.0,0
P1391,2015-06-17,울산,남자,66,7188.85,4319.14,4837.88,617.42,290,자동차대출,무직,석사,655.0,2
P1392,2011-09-27,광주,남자,22,6475.68,3090.28,1624.66,8749.16,288,학자금대출,무직,석사,730.0,8
P1393,2012-02-17,서울,여자,54,1709.41,2198.02,3977.11,5485.77,253,주택담보대출,무직,고졸,754.0,10
P1394,2013-04-30,부산,여자,26,5791.28,3119.14,2987.01,7564.43,346,학자금대출,회사원,고졸,321.0,4
P1395,2012-06-10,인천,남자,51,5497.0,3945.76,1466.84,7375.85,88,신용대출,자영업,대졸,598.0,2
P1396,2010-08-28,인천,남자,41,7585.55,4086.3,3080.86,2627.86,199,신용대출,기타,대졸,493.0,7
P1397,2016-06-30,광주,여자,43,7278.77,4046.66,2917.11,9579.73,212,주택담보대출,기타,박사,364.0,6
P1398,2018-04-02,부산,남자,38,3064.33,2893.36,4817.12,8794.86,126,학자금대출,교사,석사,322.0,2
P1399,2016-01-30,대구,여자,59,1937.39,2708.18,6778.48,,313,학자금대출,기타,대졸,537.0,4
P1400,2010-09-07,인천,남자,35,5360.64,3024.6,5929.97,7038.3,160,자동차대출,무직,석사,832.0,6
P1401,2018-05-22,대구,여자,33,4401.87,925.05,5020.15,6373.27,80,신용대출,의사,대졸,643.0,7
P1402,2013-07-08,부산,남자,25,5868.15,4897.1,5375.72,,249,자동차대출,의사,박사,721.0,1
P1403,2010-08-23,대구,여자,19,7169.38,1533.91,3014.5,7403.19,268,자동차대출,학생,대졸,651.0,9
P1404,2010-07-25,서울,남자,65,3090.77,2906.4,1068.37,5078.33,273,학자금대출,의사,고졸,,10
P1405,2016-07-20,울산,여자,29,1787.54,4766.75,2258.11,6805.25,58,신용대출,교사,석사,797.0,7
P1406,2015-05-07,세종,남자,49,4353.26,2620.63,5159.06,6593.34,215,자동차대출,의사,고졸,842.0,10
P1407,2015-08-22,세종,여자,51,5008.44,4510.76,3102.89,1912.22,198,학자금대출,학생,대졸,755.0,8
P1408,2019-07-25,광주,여자,42,6403.51,4094.39,5722.12,8351.16,269,주택담보대출,회사원,대졸,768.0,10
P1409,2015-12-16,서울,여자,53,6544.41,764.39,5322.48,8974.59,17,신용대출,기타,박사,611.0,8
P1410,2011-10-07,인천,여자,25,2410.88,3775.46,1288.88,6322.68,351,학자금대출,기타,박사,435.0,9
P1411,2010-08-21,광주,여자,34,7957.64,2116.82,3629.32,610.63,134,주택담보대출,학생,박사,613.0,7
P1412,2015-09-12,광주,남자,67,3022.05,390.5,3517.92,9376.53,326,자동차대출,무직,대졸,475.0,7
P1413,2010-11-25,세종,여자,34,7456.58,1458.89,1998.03,5302.89,96,자동차대출,의사,박사,566.0,8
P1414,2019-07-20,부산,남자,63,5244.72,3313.89,3484.11,4958.24,275,자동차대출,학생,대졸,532.0,2
P1415,2012-02-01,인천,여자,46,5253.59,3536.99,6290.62,5210.43,83,주택담보대출,의사,대졸,795.0,8
P1416,2010-10-08,광주,남자,31,6521.5,750.19,3107.39,,240,주택담보대출,학생,석사,680.0,0
P1417,2016-09-03,인천,여자,57,6819.49,,3252.09,,93,자동차대출,무직,고졸,595.0,6
P1418,2010-10-06,울산,여자,36,3039.88,1678.27,5972.84,3546.02,103,자동차대출,공무원,석사,348.0,4
P1419,2017-07-28,부산,남자,62,7195.68,1313.02,5732.38,3643.5,301,주택담보대출,기타,고졸,451.0,7
P1420,2019-09-01,인천,여자,49,7907.02,4233.42,4468.33,3142.49,301,학자금대출,의사,고졸,661.0,9
P1421,2012-08-21,대구,남자,30,4888.13,2024.23,5549.46,5315.83,349,신용대출,공무원,대졸,591.0,6
P1422,2014-07-12,광주,남자,25,4188.14,796.64,2353.5,5729.71,86,자동차대출,공무원,박사,766.0,9
P1423,2011-05-07,대구,여자,26,3288.5,3198.77,3707.72,4097.06,259,주택담보대출,기타,박사,470.0,10
P1424,2019-12-26,부산,여자,22,5118.67,3176.28,5795.17,8262.48,195,학자금대출,자영업,박사,464.0,5
P1425,2016-05-22,서울,남자,46,5345.84,1938.34,1200.48,1248.89,32,학자금대출,의사,석사,848.0,4
P1426,2012-10-05,대구,여자,29,6278.88,470.03,1120.47,4719.79,124,학자금대출,공무원,박사,592.0,5
P1427,2016-06-29,광주,여자,63,2638.37,,2566.77,5943.83,261,자동차대출,학생,대졸,486.0,0
P1428,2016-09-01,광주,여자,46,5911.88,3867.53,1628.35,1336.19,130,주택담보대출,자영업,박사,479.0,0
P1429,2010-06-12,세종,남자,23,5113.03,2073.97,3050.85,5235.33,44,신용대출,기타,박사,457.0,9
P1430,2016-12-11,부산,여자,69,1804.75,3774.03,6327.59,3502.58,147,주택담보대출,기타,박사,465.0,0
P1431,2010-12-02,세종,남자,61,3738.7,3504.05,1965.43,9816.37,201,주택담보대출,회사원,석사,543.0,2
P1432,2014-09-14,광주,남자,38,5681.55,4398.86,1450.01,7579.77,131,학자금대출,회사원,대졸,419.0,5
P1433,2017-05-16,울산,남자,60,3977.51,2328.01,6651.0,668.81,33,신용대출,자영업,박사,342.0,5
P1434,2016-07-18,광주,남자,40,4909.01,2491.42,6868.25,4332.68,354,자동차대출,자영업,고졸,624.0,9
P1435,2016-05-04,세종,여자,63,,2951.58,3027.7,840.4,117,자동차대출,의사,석사,429.0,0
P1436,2015-11-12,세종,여자,22,4153.68,4357.65,6911.66,5716.44,277,학자금대출,의사,박사,751.0,10
P1437,2013-07-19,부산,남자,53,3449.28,4251.12,6359.36,8346.13,196,자동차대출,교사,박사,566.0,5
P1438,2012-12-04,서울,남자,52,2695.21,556.39,5227.03,8021.94,210,주택담보대출,기타,석사,678.0,6
P1439,2012-04-16,울산,남자,36,4996.53,4863.54,3587.94,9650.13,252,학자금대출,학생,고졸,488.0,1
P1440,2017-07-06,대전,남자,37,3066.29,3210.72,4921.81,6556.61,244,신용대출,자영업,고졸,510.0,6
P1441,2018-01-12,광주,여자,28,2964.74,3516.72,,8956.05,35,주택담보대출,기타,석사,335.0,5
P1442,2013-07-10,서울,남자,63,7074.02,4265.52,3605.2,5842.16,32,신용대출,무직,박사,624.0,5
P1443,2012-09-04,부산,남자,63,2438.29,3998.82,1321.33,6718.66,344,신용대출,기타,석사,652.0,6
P1444,2012-12-23,인천,남자,62,4509.66,2048.81,2986.57,4833.98,177,주택담보대출,회사원,석사,451.0,5
P1445,2014-06-10,서울,남자,58,1874.56,4843.83,6846.39,3738.11,64,신용대출,공무원,석사,681.0,0
P1446,2011-06-21,광주,남자,29,4182.4,,3455.68,8340.45,278,학자금대출,교사,석사,759.0,10
P1447,2017-07-14,서울,여자,68,4207.3,2524.1,4324.67,8257.59,336,학자금대출,자영업,고졸,466.0,3
P1448,2017-03-28,대구,여자,41,4944.95,1682.04,6553.44,,152,주택담보대출,회사원,석사,846.0,3
P1449,2013-05-13,세종,여자,50,4024.72,1489.61,4240.75,3653.74,146,자동차대출,회사원,박사,608.0,3
P1450,2015-02-16,세종,여자,32,3157.47,2781.82,4963.59,7790.46,308,신용대출,회사원,박사,424.0,10
P1451,2013-07-19,광주,여자,25,3646.71,739.91,2784.4,6199.54,290,주택담보대출,기타,대졸,,4
P1452,2018-06-07,대구,남자,30,2013.96,4276.87,1575.5,7308.25,303,신용대출,교사,대졸,714.0,9
P1453,2010-10-25,울산,여자,68,4423.61,3962.69,3357.41,3951.3,101,주택담보대출,회사원,석사,811.0,1
P1454,2010-02-08,세종,남자,26,3912.0,4481.36,4297.98,4799.06,204,신용대출,의사,대졸,448.0,1
P1455,2015-02-21,부산,여자,33,4981.63,3835.04,3945.69,1425.65,346,자동차대출,자영업,석사,769.0,4
P1456,2016-12-19,세종,여자,68,6891.14,325.12,1327.03,6759.65,205,주택담보대출,의사,고졸,627.0,1
P1457,2016-04-25,대전,여자,49,1834.99,3168.28,1022.89,520.87,199,학자금대출,의사,고졸,459.0,5
P1458,2011-02-14,울산,여자,19,3951.59,4199.84,1525.77,3873.82,312,자동차대출,학생,고졸,304.0,2
P1459,2010-10-28,대전,남자,41,5432.3,179.78,,6519.78,346,학자금대출,자영업,고졸,819.0,0
P1460,2016-01-12,대전,여자,53,1757.06,4654.22,4750.55,8099.17,51,자동차대출,교사,박사,639.0,8
P1461,2012-05-23,부산,남자,54,1973.1,874.12,3881.97,5703.06,276,학자금대출,자영업,고졸,602.0,5
P1462,2015-09-04,대구,여자,41,6730.23,2336.94,1581.92,4051.96,140,자동차대출,자영업,고졸,785.0,0
P1463,2012-12-22,대전,여자,47,5319.29,4960.01,2241.72,1510.06,204,신용대출,자영업,박사,596.0,7
P1464,2011-06-27,울산,여자,69,5864.43,2196.22,4829.14,9020.33,126,학자금대출,자영업,석사,450.0,10
P1465,2013-11-30,세종,남자,53,2910.61,4978.9,6862.35,5178.01,276,신용대출,학생,대졸,752.0,6
P1466,2019-11-18,광주,남자,26,2857.78,4556.1,3841.42,8307.47,219,주택담보대출,의사,석사,646.0,9
P1467,2010-10-09,울산,여자,57,7395.71,4422.52,1693.05,7553.85,192,신용대출,공무원,석사,415.0,8
P1468,2019-11-11,서울,여자,23,3470.72,1579.14,5709.26,4387.5,188,학자금대출,공무원,대졸,790.0,6
P1469,2012-09-27,세종,남자,22,7408.46,4384.67,3825.67,2915.75,261,자동차대출,기타,고졸,341.0,4
P1470,2014-02-22,부산,남자,37,2876.75,4395.32,6369.26,2361.25,258,신용대출,공무원,고졸,442.0,0
P1471,2013-03-13,대전,여자,43,2735.15,557.37,2590.03,1647.09,321,자동차대출,자영업,고졸,419.0,7
P1472,2011-10-09,광주,여자,63,6319.59,1866.13,4851.2,8595.85,15,주택담보대출,회사원,고졸,615.0,9
P1473,2014-11-30,대전,남자,64,6354.71,503.86,3325.16,2548.1,268,주택담보대출,자영업,대졸,325.0,0
P1474,2019-05-09,부산,여자,48,6403.15,3356.09,3226.12,,83,학자금대출,무직,고졸,,5
P1475,2016-02-04,울산,남자,51,7443.87,3279.66,3288.67,2310.5,237,자동차대출,학생,고졸,525.0,6
P1476,2017-11-21,서울,여자,44,6021.57,353.76,2119.5,3710.37,96,신용대출,공무원,고졸,756.0,9
P1477,2013-05-24,세종,여자,67,6074.5,3165.46,1267.7,7692.92,129,신용대출,학생,대졸,665.0,6
P1478,2016-11-10,울산,남자,44,4078.11,3657.34,3638.44,941.75,51,주택담보대출,기타,박사,394.0,5
P1479,2019-01-19,서울,남자,70,3055.65,3800.64,2580.4,6515.78,275,자동차대출,기타,대졸,634.0,9
P1480,2017-05-02,인천,여자,54,3590.5,2203.23,6022.47,6885.35,341,자동차대출,기타,고졸,356.0,1
P1481,2015-12-07,대전,남자,22,3339.88,546.88,4385.48,,155,주택담보대출,학생,대졸,499.0,7
P1482,2010-02-02,세종,여자,26,4530.63,566.4,1906.78,8971.67,120,신용대출,기타,석사,839.0,1
P1483,2017-06-28,세종,남자,38,5716.69,1145.76,5178.83,4845.18,88,주택담보대출,무직,석사,527.0,10
P1484,2019-03-01,서울,남자,59,3504.74,481.9,1580.22,6098.5,107,자동차대출,무직,박사,584.0,3
P1485,2016-03-21,인천,남자,22,3837.69,3009.03,5008.85,5289.88,92,신용대출,기타,고졸,500.0,5
P1486,2013-05-11,광주,남자,46,7238.28,2645.28,5849.08,9656.62,197,주택담보대출,기타,박사,,7
P1487,2017-06-10,대구,여자,47,4529.03,2280.83,3483.92,541.21,320,자동차대출,의사,석사,385.0,8
P1488,2011-03-01,광주,여자,61,6718.31,139.51,5538.74,7494.03,72,자동차대출,기타,박사,756.0,10
P1489,2019-11-06,세종,남자,51,6195.69,1783.51,2365.08,5755.65,350,학자금대출,회사원,석사,389.0,5
P1490,2011-07-05,세종,여자,40,6450.59,690.91,1365.9,4611.7,129,학자금대출,학생,석사,824.0,2
P1491,2012-12-19,부산,여자,26,3581.52,4315.67,3322.64,6058.65,224,주택담보대출,무직,대졸,703.0,9
P1492,2011-04-18,서울,여자,67,2820.33,3500.75,4135.49,9281.52,181,신용대출,공무원,고졸,499.0,4
P1493,2019-12-24,인천,여자,53,3533.99,2440.73,6793.77,7920.27,70,신용대출,무직,석사,802.0,5
P1494,2011-03-15,대구,여자,58,1797.15,1221.84,5122.41,9146.72,258,학자금대출,학생,고졸,625.0,6
P1495,2018-04-29,광주,여자,55,7116.55,537.72,6618.17,7072.27,357,자동차대출,자영업,박사,823.0,3
P1496,2016-03-16,서울,남자,29,6318.14,4049.19,4436.29,2149.68,257,학자금대출,자영업,박사,357.0,7
P1497,2011-09-29,울산,여자,67,1605.43,605.69,2413.85,8244.82,257,주택담보대출,학생,석사,669.0,10
P1498,2013-01-20,부산,남자,26,5096.53,1901.05,,1483.76,119,학자금대출,교사,고졸,707.0,1
P1499,2013-02-28,인천,여자,45,5296.21,1566.35,3368.83,6746.46,314,신용대출,학생,석사,451.0,8
