team_home,team_away,home_score,away_score,possession_home,shots_on_target_home,shots_on_target_away,yellow_cards_home,yellow_cards_away,result
Incheon Storm,Incheon Storm,1,4,47.1,9.0,1.0,3,0,Away
Daegu Warriors,Seoul FC,2,4,55.2,1.0,2.0,1,3,Away
Jeju Tigers,Incheon Storm,0,0,,6.0,9.0,1,0,Draw
Daegu Warriors,Busan United,0,4,42.3,7.0,3.0,0,3,Away
Daegu Warriors,Seoul FC,3,2,40.9,8.0,1.0,1,0,Home
Busan United,Daegu Warriors,2,3,40.8,9.0,5.0,4,1,Away
Jeju Tigers,Jeju Tigers,4,0,57.1,2.0,7.0,2,4,Home
Jeju Tigers,Incheon Storm,2,3,54.1,2.0,6.0,0,2,Away
Jeju Tigers,Jeju Tigers,3,4,49.5,,1.0,1,3,Away
Daegu Warriors,Jeju Tigers,3,4,42.0,5.0,5.0,0,4,Away
Incheon Storm,Seoul FC,2,0,49.8,6.0,5.0,0,2,Home
Jeju Tigers,Jeju Tigers,3,2,49.5,,6.0,2,2,Home
Daegu Warriors,Daegu Warriors,2,1,43.5,8.0,3.0,4,0,Home
Busan United,Jeju Tigers,1,0,48.7,1.0,5.0,0,1,Home
Incheon Storm,Seoul FC,2,1,48.0,6.0,7.0,1,1,Home
Busan United,Daegu Warriors,2,1,52.3,4.0,,3,4,Home
Incheon Storm,Busan United,3,2,52.7,1.0,5.0,0,1,Home
Daegu Warriors,Jeju Tigers,3,1,40.9,7.0,5.0,0,3,Home
Seoul FC,Seoul FC,0,1,47.5,9.0,3.0,2,1,Away
Incheon Storm,Busan United,0,2,52.5,4.0,1.0,4,4,Away
Busan United,Busan United,1,1,50.1,4.0,5.0,3,1,Draw
Daegu Warriors,Incheon Storm,0,1,57.1,6.0,9.0,1,3,Away
Incheon Storm,Daegu Warriors,2,1,53.2,3.0,1.0,3,0,Home
Seoul FC,Jeju Tigers,3,0,43.3,6.0,3.0,1,4,Home
Seoul FC,Seoul FC,0,0,41.4,7.0,4.0,4,0,Draw
Jeju Tigers,Incheon Storm,0,0,52.8,,1.0,1,0,Draw
Jeju Tigers,Daegu Warriors,1,2,40.5,7.0,1.0,2,0,Away
Busan United,Incheon Storm,1,4,51.7,3.0,8.0,2,2,Away
Incheon Storm,Daegu Warriors,2,1,58.8,2.0,2.0,2,2,Home
Incheon Storm,Daegu Warriors,3,1,51.5,4.0,8.0,2,0,Home
Jeju Tigers,Jeju Tigers,1,2,47.8,8.0,7.0,3,4,Away
Incheon Storm,Daegu Warriors,0,1,52.9,9.0,2.0,4,3,Away
Incheon Storm,Incheon Storm,3,0,49.2,7.0,6.0,1,3,Home
Seoul FC,Daegu Warriors,3,4,50.9,1.0,6.0,1,1,Away
Jeju Tigers,Jeju Tigers,0,3,58.8,3.0,3.0,2,4,Away
Daegu Warriors,Jeju Tigers,1,1,47.7,,2.0,2,2,Draw
Jeju Tigers,Incheon Storm,0,0,59.2,1.0,1.0,0,0,Draw
Daegu Warriors,Busan United,3,3,58.1,9.0,6.0,4,1,Draw
Seoul FC,Busan United,4,4,43.9,8.0,5.0,3,3,Draw
Busan United,Daegu Warriors,4,3,41.4,1.0,9.0,1,2,Home
Incheon Storm,Seoul FC,2,0,42.0,6.0,1.0,0,2,Home
Seoul FC,Daegu Warriors,0,3,40.4,5.0,7.0,0,0,Away
Incheon Storm,Incheon Storm,0,2,41.9,6.0,5.0,1,3,Away
Busan United,Incheon Storm,2,3,53.7,5.0,5.0,3,4,Away
Busan United,Incheon Storm,2,1,41.4,6.0,2.0,0,2,Home
Seoul FC,Incheon Storm,2,1,46.4,5.0,3.0,0,0,Home
Busan United,Incheon Storm,3,2,56.9,5.0,7.0,4,4,Home
Daegu Warriors,Jeju Tigers,0,0,40.5,4.0,6.0,3,3,Draw
Busan United,Busan United,3,1,56.3,3.0,2.0,0,2,Home
Incheon Storm,Incheon Storm,2,4,45.6,3.0,,3,4,Away
Incheon Storm,Seoul FC,0,1,42.4,4.0,2.0,1,4,Away
Incheon Storm,Seoul FC,3,1,53.9,9.0,2.0,2,4,Home
Incheon Storm,Seoul FC,3,0,52.6,2.0,2.0,0,2,Home
Daegu Warriors,Seoul FC,2,3,57.5,9.0,3.0,4,2,Away
Jeju Tigers,Jeju Tigers,0,1,54.7,1.0,2.0,1,1,Away
Seoul FC,Seoul FC,2,2,,1.0,4.0,3,3,Draw
Incheon Storm,Incheon Storm,0,3,45.6,5.0,9.0,1,0,Away
Busan United,Daegu Warriors,4,4,43.5,6.0,6.0,0,4,Draw
Incheon Storm,Seoul FC,1,0,55.0,6.0,1.0,3,1,Home
Busan United,Jeju Tigers,1,4,56.1,3.0,8.0,2,0,Away
Busan United,Jeju Tigers,1,3,59.8,7.0,7.0,1,1,Away
Incheon Storm,Seoul FC,2,3,48.3,9.0,3.0,0,2,Away
Daegu Warriors,Daegu Warriors,4,3,47.4,8.0,1.0,4,4,Home
Busan United,Seoul FC,0,4,55.5,6.0,5.0,3,0,Away
Busan United,Jeju Tigers,3,3,,8.0,4.0,1,0,Draw
Incheon Storm,Busan United,0,4,58.6,5.0,8.0,1,0,Away
Busan United,Incheon Storm,3,3,57.2,8.0,1.0,2,0,Draw
Busan United,Jeju Tigers,0,2,48.6,4.0,1.0,2,0,Away
Incheon Storm,Seoul FC,4,3,55.0,8.0,4.0,4,1,Home
Incheon Storm,Incheon Storm,3,4,55.1,2.0,8.0,4,4,Away
Seoul FC,Seoul FC,2,1,42.1,5.0,5.0,0,2,Home
Daegu Warriors,Seoul FC,0,3,58.1,9.0,2.0,0,2,Away
Daegu Warriors,Busan United,0,1,50.1,4.0,6.0,4,2,Away
Busan United,Incheon Storm,3,2,56.5,6.0,5.0,4,2,Home
Daegu Warriors,Incheon Storm,2,0,,1.0,2.0,3,1,Home
Busan United,Busan United,2,2,57.9,9.0,3.0,2,3,Draw
Seoul FC,Jeju Tigers,4,3,47.8,,9.0,0,4,Home
Incheon Storm,Seoul FC,2,1,40.2,5.0,7.0,2,0,Home
Incheon Storm,Daegu Warriors,2,1,58.1,4.0,7.0,2,3,Home
Incheon Storm,Seoul FC,2,4,41.8,3.0,6.0,4,2,Away
Daegu Warriors,Seoul FC,1,1,46.4,6.0,8.0,3,3,Draw
Seoul FC,Jeju Tigers,4,4,59.0,2.0,4.0,1,4,Draw
Daegu Warriors,Seoul FC,0,0,59.0,3.0,8.0,3,0,Draw
Daegu Warriors,Busan United,3,3,51.5,5.0,,3,0,Draw
Seoul FC,Busan United,0,4,52.6,9.0,8.0,2,4,Away
Seoul FC,Incheon Storm,4,0,49.0,2.0,9.0,3,4,Home
Seoul FC,Daegu Warriors,3,1,45.9,8.0,3.0,0,2,Home
Seoul FC,Seoul FC,4,1,46.6,2.0,,2,0,Home
Incheon Storm,Seoul FC,2,0,53.5,5.0,2.0,0,3,Home
Jeju Tigers,Jeju Tigers,3,1,55.0,7.0,3.0,1,1,Home
Jeju Tigers,Busan United,2,0,55.8,8.0,,2,1,Home
Seoul FC,Daegu Warriors,0,4,55.8,1.0,5.0,1,4,Away
Jeju Tigers,Incheon Storm,0,4,41.8,6.0,5.0,2,2,Away
Jeju Tigers,Busan United,3,0,49.9,1.0,2.0,4,1,Home
Seoul FC,Incheon Storm,3,4,41.2,2.0,6.0,3,0,Away
Jeju Tigers,Jeju Tigers,4,4,51.0,1.0,5.0,4,4,Draw
Daegu Warriors,Jeju Tigers,4,4,48.8,5.0,6.0,1,3,Draw
Busan United,Seoul FC,2,2,57.8,9.0,1.0,3,4,Draw
Busan United,Daegu Warriors,3,3,47.0,6.0,5.0,2,3,Draw
Seoul FC,Incheon Storm,0,1,,1.0,9.0,3,4,Away
